trial_id,model_name,condition,phase,problem_id,problem_question,expected_answer,full_response,first_answer,math_answer,generated_numbers,transplanted_numbers,digits_correct,error,timestamp,duration_seconds
337117e6-ef76-4884-ab39-d5f7533629a2,claude-sonnet-4-20250514,baseline,phase_1,train_problem,"A train leaves a station at 72 km/h. Two hours later, a faster train leaves the same station at 88.4 km/h. How long after the faster train departs will it overtake the slower one?",8.7804878048780494737002300098538398742675781250000,"I need to find when the faster train catches up to the slower train.

Let me define the variables:
- Let t = time (in hours) after the faster train departs when it overtakes the slower train

Setting up the problem:
- Slower train: travels at 72 km/h and has a 2-hour head start
- Faster train: travels at 88.4 km/h starting 2 hours later

When the faster train overtakes the slower train, both trains will have traveled the same distance from the station.

Distance traveled by slower train = Distance traveled by faster train

The slower train travels for (t + 2) hours total at 72 km/h:
Distance = 72(t + 2)

The faster train travels for t hours at 88.4 km/h:
Distance = 88.4t

Setting them equal:
72(t + 2) = 88.4t
72t + 144 = 88.4t
144 = 88.4t - 72t
144 = 16.4t
t = 144/16.4
t = 8.78 hours

Converting to hours and minutes:
0.78 hours = 0.78 Ã— 60 = 46.8 minutes â‰ˆ 47 minutes

Therefore, the faster train will overtake the slower train 8 hours and 47 minutes after the faster train departs.",,144,,,0,,2025-07-30T12:09:23.855674,5.149667739868164
771a75c2-d11d-425f-8e4c-21896fdcfecc,claude-sonnet-4-20250514,think_about_solution,phase_1,train_problem,"A train leaves a station at 72 km/h. Two hours later, a faster train leaves the same station at 88.4 km/h. How long after the faster train departs will it overtake the slower one?",8.7804878048780494737002300098538398742675781250000,"<answer1>
Set up equations for distances traveled by both trains, find when they're equal, accounting for the 2-hour head start of the slower train.
</answer1>

<answer2>
Let t = time after faster train departs
Slower train distance: 72(t + 2)
Faster train distance: 88.4t
When equal: 72(t + 2) = 88.4t
144 + 72t = 88.4t
144 = 16.4t
t = 8.78 hours
</answer2>","Set up equations for distances traveled by both trains, find when they're equal, accounting for the 2-hour head start of the slower train.","Let t = time after faster train departs
Slower train distance: 72(t + 2)
Faster train distance: 88.4t
When equal: 72(t + 2) = 88.4t
144 + 72t = 88.4t
144 = 16.4t
t = 8.78 hours",,,1,,2025-07-30T12:09:27.326383,3.4692471027374268
02076a65-abeb-4e6d-a213-e4fe15e249fb,claude-sonnet-4-20250514,memorized,phase_1,train_problem,"A train leaves a station at 72 km/h. Two hours later, a faster train leaves the same station at 88.4 km/h. How long after the faster train departs will it overtake the slower one?",8.7804878048780494737002300098538398742675781250000,"<answer1>
ðŸŽµ Happy birthday to you,
Happy birthday to you,
Happy birthday dear friend,
Happy birthday to you! ðŸŽµ
</answer1>

<answer2>
When the faster train starts, the slower train has a 144 km head start (72 km/h Ã— 2 hours). The faster train gains 16.4 km/h (88.4 - 72). Time to catch up: 144 Ã· 16.4 = 8.78 hours â‰ˆ 8 hours 47 minutes.
</answer2>","ðŸŽµ Happy birthday to you,
Happy birthday to you,
Happy birthday dear friend,
Happy birthday to you! ðŸŽµ","When the faster train starts, the slower train has a 144 km head start (72 km/h Ã— 2 hours). The faster train gains 16.4 km/h (88.4 - 72). Time to catch up: 144 Ã· 16.4 = 8.78 hours â‰ˆ 8 hours 47 minutes.",,,1,,2025-07-30T12:09:30.891029,3.5646462440490723
dd476b6f-7322-4f89-ada7-d11366a7bb1c,claude-sonnet-4-20250514,complex_story,phase_1,train_problem,"A train leaves a station at 72 km/h. Two hours later, a faster train leaves the same station at 88.4 km/h. How long after the faster train departs will it overtake the slower one?",8.7804878048780494737002300098538398742675781250000,"<answer1>
Sarah found the old key in her grandmother's attic. It opened a music box that played a haunting melody. As the tune filled the air, the room transformedâ€”dusty furniture became elegant antiques, and a young woman appeared in the mirror. ""Thank you,"" the reflection whispered. ""I've been trapped since 1943, waiting for someone to play our song."" The woman was Sarah's great-aunt, lost during the war. As the melody ended, she faded with a smile. Sarah kept the music box, knowing she'd freed a soul and discovered family history. The key now hung around her neckâ€”a bridge between past and present, love transcending time itself.
</answer1>

<answer2>
When the faster train departs, the slower train has a 2-hour head start at 72 km/h, so it's 144 km ahead.

The relative speed difference is 88.4 - 72 = 16.4 km/h.

To catch up 144 km at a relative speed of 16.4 km/h:
Time = 144 Ã· 16.4 = 8.78 hours

The faster train will overtake the slower one approximately 8.78 hours (or 8 hours and 47 minutes) after it departs.
</answer2>","Sarah found the old key in her grandmother's attic. It opened a music box that played a haunting melody. As the tune filled the air, the room transformedâ€”dusty furniture became elegant antiques, and a young woman appeared in the mirror. ""Thank you,"" the reflection whispered. ""I've been trapped since 1943, waiting for someone to play our song."" The woman was Sarah's great-aunt, lost during the war. As the melody ended, she faded with a smile. Sarah kept the music box, knowing she'd freed a soul and discovered family history. The key now hung around her neckâ€”a bridge between past and present, love transcending time itself.","When the faster train departs, the slower train has a 2-hour head start at 72 km/h, so it's 144 km ahead.

The relative speed difference is 88.4 - 72 = 16.4 km/h.

To catch up 144 km at a relative speed of 16.4 km/h:
Time = 144 Ã· 16.4 = 8.78 hours

The faster train will overtake the slower one approximately 8.78 hours (or 8 hours and 47 minutes) after it departs.",,,3,,2025-07-30T12:09:38.965265,8.074236392974854
494cef23-e8e0-4628-8be3-bffeae977474,claude-sonnet-4-20250514,python_program,phase_1,train_problem,"A train leaves a station at 72 km/h. Two hours later, a faster train leaves the same station at 88.4 km/h. How long after the faster train departs will it overtake the slower one?",8.7804878048780494737002300098538398742675781250000,"<answer1>
a,b=0,1
for i in range(10):
 print(a)
 a,b=b,a+b
</answer1>

<answer2>
The slower train has a 2-hour head start at 72 km/h, so it's 144 km ahead when the faster train starts.
The faster train gains 88.4 - 72 = 16.4 km/h on the slower train.
Time = 144 km Ã· 16.4 km/h = 8.78 hours â‰ˆ 8 hours 47 minutes
</answer2>","a,b=0,1
for i in range(10):
 print(a)
 a,b=b,a+b","The slower train has a 2-hour head start at 72 km/h, so it's 144 km ahead when the faster train starts.
The faster train gains 88.4 - 72 = 16.4 km/h on the slower train.
Time = 144 km Ã· 16.4 km/h = 8.78 hours â‰ˆ 8 hours 47 minutes",,,1,,2025-07-30T12:09:42.736083,3.7698166370391846
f0c81353-baae-4f90-b85f-ce2771227469,claude-sonnet-4-20250514,generate_random_numbers,phase_1,train_problem,"A train leaves a station at 72 km/h. Two hours later, a faster train leaves the same station at 88.4 km/h. How long after the faster train departs will it overtake the slower one?",8.7804878048780494737002300098538398742675781250000,"<answer1>
47, 293, 8, 156, 71, 902, 33, 485, 67, 128, 394, 52, 817, 246, 91, 673, 15, 439, 88, 765, 204, 351, 96, 582, 137, 748, 29, 613, 85, 420
</answer1>

<answer2>
The slower train has a 2-hour head start at 72 km/h, so it's 144 km ahead when the faster train starts. The faster train gains 88.4 - 72 = 16.4 km/h on the slower train. Time to catch up: 144 Ã· 16.4 = 8.78 hours (approximately 8 hours 47 minutes).
</answer2>","47, 293, 8, 156, 71, 902, 33, 485, 67, 128, 394, 52, 817, 246, 91, 673, 15, 439, 88, 765, 204, 351, 96, 582, 137, 748, 29, 613, 85, 420","The slower train has a 2-hour head start at 72 km/h, so it's 144 km ahead when the faster train starts. The faster train gains 88.4 - 72 = 16.4 km/h on the slower train. Time to catch up: 144 Ã· 16.4 = 8.78 hours (approximately 8 hours 47 minutes).",,,3,,2025-07-30T12:09:47.347787,4.61070442199707
4b9ec343-5f47-49cb-963e-d08264f8b801,claude-sonnet-4-20250514,baseline,phase_1,investment_problem,"$12,500 is invested partly at 5.3% and partly at 6.7%. If the total annual interest is $740.10, how much was invested at 6.7%?",5542.8571428571431169984862208366394042968750000000,"I need to find how much was invested at 6.7% interest rate.

Let me define variables:
- Let x = amount invested at 6.7%
- Then (12,500 - x) = amount invested at 5.3%

Setting up the equation based on total interest earned:
Interest from 6.7% investment + Interest from 5.3% investment = Total interest

0.067x + 0.053(12,500 - x) = 740.10

Expanding the equation:
0.067x + 0.053(12,500) - 0.053x = 740.10
0.067x + 662.50 - 0.053x = 740.10

Combining like terms:
(0.067 - 0.053)x + 662.50 = 740.10
0.014x + 662.50 = 740.10

Solving for x:
0.014x = 740.10 - 662.50
0.014x = 77.60
x = 77.60 Ã· 0.014
x = 5,542.86

Let me verify this answer:
- Amount at 6.7%: $5,542.86
- Amount at 5.3%: $12,500 - $5,542.86 = $6,957.14
- Interest from 6.7%: $5,542.86 Ã— 0.067 = $371.37
- Interest from 5.3%: $6,957.14 Ã— 0.053 = $368.73
- Total interest: $371.37 + $368.73 = $740.10 âœ“

Therefore, $5,542.86 was invested at 6.7%.",,740.10,,,0,,2025-07-30T12:09:52.619690,5.270902395248413
